{
    "0": 3.1455555555555557,
    "1": 2.195,
    "2": 2.2094444444444443,
    "3": 2.4394444444444443,
    "4": 1.958888888888889,
    "5": 3.308333333333333,
    "6": 1.2422222222222221,
    "7": 1.93,
    "average": 2.303611111111111
}