{
    "0": 1.098360655737705,
    "1": 1.71875,
    "2": 2.044776119402985,
    "3": 1.1304347826086956,
    "4": 1.0,
    "5": 1.0,
    "6": 1.0,
    "7": 2.037037037037037,
    "8": 2.0357142857142856,
    "9": 1.9186046511627908,
    "10": 1.0,
    "11": 1.0,
    "12": 1.0,
    "13": 1.0,
    "14": 2.52,
    "15": 1.0,
    "16": 1.9245283018867925,
    "17": 2.8981481481481484,
    "18": 1.0,
    "19": 1.0,
    "20": 1.0,
    "21": 2.75,
    "22": 1.6504065040650406,
    "23": 1.0,
    "24": 1.0,
    "25": 4.0227272727272725,
    "26": 1.0,
    "27": 1.3985507246376812,
    "28": 1.0,
    "29": 1.6,
    "30": 1.919463087248322,
    "31": 1.8300653594771241,
    "32": 1.0382165605095541,
    "33": 2.0062111801242235,
    "34": 2.5757575757575757,
    "35": 1.0,
    "36": 2.0348837209302326,
    "37": 1.0,
    "38": 1.0,
    "39": 1.3967391304347827,
    "40": 2.606382978723404,
    "41": 1.6735751295336787,
    "42": 1.0707070707070707,
    "43": 1.0295566502463054,
    "44": 3.0384615384615383,
    "45": 1.397196261682243,
    "46": 1.0,
    "47": 1.663716814159292,
    "48": 1.0,
    "49": 1.0,
    "50": 1.2862903225806452,
    "51": 2.515625,
    "52": 1.1849056603773584,
    "53": 1.5963636363636364,
    "54": 2.8485915492957745,
    "55": 1.8305084745762712,
    "56": 1.022875816993464,
    "57": 2.0344827586206895,
    "58": 1.4924924924924925,
    "59": 1.7249283667621778,
    "60": 1.0,
    "61": 1.0,
    "62": 1.0927318295739348,
    "63": 1.828162291169451,
    "64": 1.5772727272727274,
    "65": 1.7703862660944205,
    "66": 1.2317073170731707,
    "67": 2.433526011560694,
    "68": 1.6824817518248176,
    "69": 1.0,
    "70": 2.308457711442786,
    "71": 1.0,
    "72": 1.4330827067669174,
    "73": 1.472182596291013,
    "74": 1.5154362416107383,
    "75": 1.3806532663316582,
    "76": 3.5931603773584904,
    "77": 1.7335526315789473,
    "78": 1.0,
    "79": 1.3646034816247583,
    "80": 1.0,
    "81": 1.5971283783783783,
    "82": 1.8438985736925515,
    "83": 1.8364688856729379,
    "84": 1.2105610561056106,
    "85": 2.279640718562874,
    "86": 2.1273224043715846,
    "87": 2.736089841755998,
    "88": 1.8169621466219454,
    "89": 1.9544827586206897,
    "90": 1.5937773882559159,
    "91": 1.7217825905872552,
    "92": 1.6399694889397407,
    "93": 1.605854322668482,
    "94": 1.0,
    "95": 1.0691757222369467,
    "96": 2.304648390941597,
    "97": 1.2132859828702736,
    "98": 1.213712618526623,
    "99": 1.8528444590595199,
    "100": 3.8688524590163933,
    "101": 1.890625,
    "102": 2.044776119402985,
    "103": 2.1884057971014492,
    "104": 1.0,
    "105": 1.88,
    "106": 1.9230769230769231,
    "107": 2.037037037037037,
    "108": 2.0357142857142856,
    "109": 1.0,
    "110": 1.0,
    "111": 1.815217391304348,
    "112": 1.0,
    "113": 1.1237113402061856,
    "114": 1.51,
    "115": 1.0,
    "116": 3.311320754716981,
    "117": 2.8981481481481484,
    "118": 1.5945945945945945,
    "119": 1.3333333333333333,
    "120": 1.0,
    "121": 2.75,
    "122": 1.6829268292682926,
    "123": 1.753968253968254,
    "124": 1.0,
    "125": 1.5833333333333333,
    "126": 1.0,
    "127": 1.3985507246376812,
    "128": 1.4225352112676057,
    "129": 1.0,
    "130": 2.751677852348993,
    "131": 1.326797385620915,
    "132": 1.4203821656050954,
    "133": 1.4161490683229814,
    "134": 2.43030303030303,
    "135": 1.0,
    "136": 1.0,
    "137": 1.3352272727272727,
    "138": 1.0,
    "139": 1.5380434782608696,
    "140": 1.6063829787234043,
    "141": 1.7875647668393781,
    "142": 1.0,
    "143": 1.0,
    "144": 3.0384615384615383,
    "145": 1.0,
    "146": 1.7136363636363636,
    "147": 1.0,
    "148": 1.829059829059829,
    "149": 1.107883817427386,
    "150": 2.310483870967742,
    "151": 2.3359375,
    "152": 1.3584905660377358,
    "153": 2.4945454545454546,
    "154": 1.471830985915493,
    "155": 1.8305084745762712,
    "156": 1.2320261437908497,
    "157": 1.890282131661442,
    "158": 1.2972972972972974,
    "159": 1.0,
    "160": 1.9808219178082191,
    "161": 1.9371727748691099,
    "162": 1.0,
    "163": 1.828162291169451,
    "164": 1.6636363636363636,
    "165": 2.667381974248927,
    "166": 1.0,
    "167": 2.5953757225433525,
    "168": 1.051094890510949,
    "169": 2.5729166666666665,
    "170": 1.0,
    "171": 1.0,
    "172": 1.0,
    "173": 1.8830242510699002,
    "174": 2.5208053691275167,
    "175": 1.1884422110552764,
    "176": 1.8702830188679245,
    "177": 1.0,
    "178": 1.1627430910951893,
    "179": 1.0,
    "180": 1.5022502250225023,
    "181": 1.8141891891891893,
    "182": 1.5388272583201268,
    "183": 1.073082489146165,
    "184": 1.0930693069306932,
    "185": 1.621556886227545,
    "186": 2.551912568306011,
    "187": 1.7462991322103114,
    "188": 2.145184475323431,
    "189": 2.1935632183908047,
    "190": 1.0293602103418054,
    "191": 1.928363182007497,
    "192": 2.4237223493516398,
    "193": 2.1705241660993875,
    "194": 1.0320263394193356,
    "195": 1.8836469652796184,
    "196": 1.8884386174016687,
    "197": 1.7372049300188008,
    "198": 1.1121444201312911,
    "199": 1.790529431108188,
    "average": 1.6218394698289091
}