{
    "0": 1.835,
    "1": 2.207222222222222,
    "2": 3.067222222222222,
    "3": 1.5977777777777777,
    "4": 2.4722222222222223,
    "5": 3.2866666666666666,
    "6": 1.2544444444444445,
    "average": 2.2457936507936505
}