{
    "0": 1.2416666666666667,
    "1": 1.4416666666666667,
    "2": 1.8583333333333334,
    "3": 1.5,
    "4": 1.35,
    "5": 1.2916666666666667,
    "6": 1.675,
    "7": 1.6666666666666667,
    "8": 1.225,
    "9": 2.033333333333333,
    "10": 1.25,
    "11": 1.7583333333333333,
    "12": 1.9166666666666667,
    "13": 1.2833333333333334,
    "14": 1.2416666666666667,
    "15": 1.2083333333333333,
    "16": 1.5,
    "17": 1.2,
    "18": 2.125,
    "19": 1.3083333333333333,
    "20": 1.2666666666666666,
    "21": 1.5166666666666666,
    "22": 1.7073170731707317,
    "23": 1.1984126984126984,
    "24": 1.744186046511628,
    "25": 1.2121212121212122,
    "26": 1.2962962962962963,
    "27": 1.644927536231884,
    "28": 1.4154929577464788,
    "29": 1.2620689655172415,
    "30": 1.174496644295302,
    "31": 1.1372549019607843,
    "32": 1.2356687898089171,
    "33": 1.6583850931677018,
    "34": 1.1818181818181819,
    "35": 1.3392857142857142,
    "36": 1.2267441860465116,
    "37": 1.2443181818181819,
    "38": 1.7277777777777779,
    "39": 1.2173913043478262,
    "40": 1.4840425531914894,
    "41": 1.83419689119171,
    "42": 1.1464646464646464,
    "43": 1.8522167487684729,
    "44": 1.2740384615384615,
    "45": 1.2710280373831775,
    "46": 1.3409090909090908,
    "47": 1.0973451327433628,
    "48": 1.3504273504273505,
    "49": 1.1493775933609958,
    "50": 1.657258064516129,
    "51": 1.2109375,
    "52": 1.9924528301886792,
    "53": 1.2545454545454546,
    "54": 1.619718309859155,
    "55": 1.5389830508474576,
    "56": 1.8398692810457515,
    "57": 1.6489028213166144,
    "58": 1.6726726726726726,
    "59": 1.4383954154727794,
    "60": 1.6273972602739726,
    "61": 1.301047120418848,
    "62": 1.6666666666666667,
    "63": 1.2529832935560858,
    "64": 1.1522727272727273,
    "65": 1.8798283261802575,
    "66": 1.2296747967479675,
    "67": 1.2080924855491328,
    "68": 1.218978102189781,
    "69": 1.6545138888888888,
    "70": 2.0182421227197347,
    "71": 1.2444794952681388,
    "72": 1.0330827067669173,
    "73": 1.6847360912981455,
    "74": 1.5073825503355704,
    "75": 1.228643216080402,
    "76": 2.080188679245283,
    "77": 1.219298245614035,
    "78": 1.5813715455475947,
    "79": 1.2969052224371374,
    "80": 1.676867686768677,
    "81": 1.129222972972973,
    "82": 1.297147385103011,
    "83": 1.077424023154848,
    "84": 1.8686468646864687,
    "85": 2.276047904191617,
    "86": 1.3398907103825137,
    "87": 1.6227667177131189,
    "88": 1.1197891710589363,
    "89": 1.2073563218390804,
    "90": 1.5227870289219982,
    "91": 1.1382757184506456,
    "92": 1.8302822273073989,
    "93": 1.2341729067392784,
    "94": 1.2391499551032625,
    "95": 1.631857937980387,
    "96": 1.664839094159714,
    "97": 1.199289743054105,
    "98": 1.2058716265499636,
    "99": 1.28313054916146,
    "average": 1.448066798894686
}