{
    "0": 1.3278688524590163,
    "1": 1.421875,
    "2": 1.507462686567164,
    "3": 1.4782608695652173,
    "4": 2.2222222222222223,
    "5": 1.48,
    "6": 1.5384615384615385,
    "7": 1.691358024691358,
    "8": 1.8333333333333333,
    "9": 1.5,
    "10": 1.5617977528089888,
    "11": 1.0,
    "12": 1.9684210526315788,
    "13": 1.597938144329897,
    "14": 1.79,
    "15": 1.1262135922330097,
    "16": 2.4245283018867925,
    "17": 1.0,
    "18": 1.7207207207207207,
    "19": 1.1754385964912282,
    "20": 2.606837606837607,
    "21": 1.8,
    "22": 1.0,
    "23": 1.126984126984127,
    "24": 1.317829457364341,
    "25": 1.0,
    "26": 2.8962962962962964,
    "27": 1.4782608695652173,
    "28": 2.176056338028169,
    "29": 1.0,
    "30": 1.8187919463087248,
    "31": 1.0,
    "32": 1.0,
    "33": 1.2981366459627328,
    "34": 1.1757575757575758,
    "35": 1.8035714285714286,
    "36": 1.0290697674418605,
    "37": 1.4545454545454546,
    "38": 2.061111111111111,
    "39": 1.565217391304348,
    "40": 1.2659574468085106,
    "41": 1.4766839378238341,
    "42": 1.4141414141414141,
    "43": 1.083743842364532,
    "44": 1.7788461538461537,
    "45": 2.0373831775700935,
    "46": 1.1727272727272726,
    "47": 1.7787610619469028,
    "48": 1.0,
    "49": 1.0,
    "50": 1.7459677419354838,
    "51": 1.0,
    "52": 1.7132075471698114,
    "53": 2.3018181818181818,
    "54": 1.176056338028169,
    "55": 1.8271186440677967,
    "56": 1.5457516339869282,
    "57": 1.4357366771159874,
    "58": 1.1741741741741742,
    "59": 1.828080229226361,
    "60": 1.5780821917808219,
    "61": 2.3219895287958114,
    "62": 1.055137844611529,
    "63": 2.272076372315036,
    "64": 1.6727272727272726,
    "65": 1.4763948497854078,
    "66": 1.9491869918699187,
    "67": 1.048169556840077,
    "68": 1.4854014598540146,
    "69": 1.6440972222222223,
    "70": 1.3333333333333333,
    "71": 1.225552050473186,
    "72": 1.781954887218045,
    "73": 1.1940085592011411,
    "74": 1.2671140939597316,
    "75": 1.4183417085427135,
    "76": 1.0165094339622642,
    "77": 1.6842105263157894,
    "78": 1.1402251791197544,
    "79": 2.344294003868472,
    "80": 1.4725472547254725,
    "81": 2.8910472972972974,
    "82": 1.8985736925515055,
    "83": 2.039797395079595,
    "84": 1.4983498349834983,
    "85": 1.5502994011976048,
    "86": 1.6491803278688524,
    "87": 1.6789178152118427,
    "88": 1.5936751317680882,
    "89": 1.5714942528735631,
    "90": 2.505258545135846,
    "91": 1.900874635568513,
    "92": 1.3463005339435545,
    "93": 1.3604492852280463,
    "94": 1.4112541155342713,
    "95": 1.886562417174662,
    "96": 1.0364719904648392,
    "97": 1.6668059327344893,
    "98": 1.1442377826404084,
    "99": 1.3528444590595199,
    "average": 1.5609427134707068
}