{
    "0": 1.6827777777777777,
    "1": 2.561111111111111,
    "2": 2.8738888888888887,
    "3": 1.42,
    "4": 2.968888888888889,
    "5": 2.368888888888889,
    "average": 2.3125925925925923
}