{
    "0": 2.067222222222222,
    "1": 2.4205555555555556,
    "2": 3.3194444444444446,
    "3": 2.5755555555555554,
    "4": 1.2194444444444446,
    "5": 1.968888888888889,
    "6": 2.0372222222222223,
    "7": 3.0494444444444446,
    "8": 1.5966666666666667,
    "9": 1.2327777777777778,
    "average": 2.148722222222222
}