{
    "0": 2.4972222222222222,
    "1": 1.4122222222222223,
    "2": 1.5,
    "average": 1.8031481481481482
}