{
    "0": 3.8844444444444446,
    "1": 3.0772222222222223,
    "2": 1.8316666666666668,
    "3": 3.7311111111111113,
    "4": 2.121111111111111,
    "5": 2.725,
    "6": 2.517777777777778,
    "7": 2.1766666666666667,
    "8": 2.0683333333333334,
    "average": 2.6814814814814816
}