{
    "0": 2.9877777777777776,
    "1": 2.598888888888889,
    "2": 2.902222222222222,
    "3": 2.185,
    "4": 2.866111111111111,
    "average": 2.7079999999999997
}