{
    "0": 1.2083333333333333,
    "1": 1.325,
    "2": 1.6416666666666666,
    "3": 1.275,
    "4": 1.3833333333333333,
    "5": 1.6416666666666666,
    "6": 1.9333333333333333,
    "7": 2.091666666666667,
    "8": 1.2666666666666666,
    "9": 1.625,
    "10": 1.2083333333333333,
    "11": 1.2333333333333334,
    "12": 1.3666666666666667,
    "13": 1.5083333333333333,
    "14": 2.1666666666666665,
    "15": 1.6416666666666666,
    "16": 1.825,
    "17": 1.2083333333333333,
    "18": 1.7583333333333333,
    "19": 2.0,
    "20": 1.3,
    "21": 1.4916666666666667,
    "22": 1.4634146341463414,
    "23": 1.1984126984126984,
    "24": 1.7286821705426356,
    "25": 1.553030303030303,
    "26": 1.4592592592592593,
    "27": 1.3405797101449275,
    "28": 1.176056338028169,
    "29": 1.6413793103448275,
    "30": 1.8053691275167785,
    "31": 2.4901960784313726,
    "32": 1.464968152866242,
    "33": 1.329192546583851,
    "34": 1.1515151515151516,
    "35": 1.4166666666666667,
    "36": 2.4767441860465116,
    "37": 2.465909090909091,
    "38": 1.8722222222222222,
    "39": 1.701086956521739,
    "40": 1.8829787234042554,
    "41": 1.994818652849741,
    "42": 1.1262626262626263,
    "43": 1.7339901477832513,
    "44": 1.1201923076923077,
    "45": 1.766355140186916,
    "46": 2.0045454545454544,
    "47": 1.1106194690265487,
    "48": 1.641025641025641,
    "49": 1.937759336099585,
    "50": 2.1088709677419355,
    "51": 2.01953125,
    "52": 1.9320754716981132,
    "53": 1.4036363636363636,
    "54": 1.647887323943662,
    "55": 1.7423728813559323,
    "56": 1.5392156862745099,
    "57": 1.8808777429467085,
    "58": 1.981981981981982,
    "59": 1.481375358166189,
    "60": 2.1315068493150684,
    "61": 1.2643979057591623,
    "62": 1.5739348370927317,
    "63": 2.2028639618138426,
    "64": 1.1795454545454545,
    "65": 1.0879828326180256,
    "66": 1.1158536585365855,
    "67": 2.148362235067437,
    "68": 1.9397810218978102,
    "69": 2.046875,
    "70": 2.0248756218905473,
    "71": 1.8123028391167193,
    "72": 1.3203007518796992,
    "73": 1.2582025677603423,
    "74": 1.887248322147651,
    "75": 1.0967336683417086,
    "76": 1.5271226415094339,
    "77": 1.9736842105263157,
    "78": 1.1156601842374616,
    "79": 2.1924564796905224,
    "80": 1.566156615661566,
    "81": 1.1427364864864864,
    "82": 1.170364500792393,
    "83": 1.6548480463096962,
    "84": 1.7821782178217822,
    "85": 1.740119760479042,
    "86": 1.2234972677595628,
    "87": 1.5701888718734047,
    "88": 1.2252036415908,
    "89": 1.2648275862068965,
    "90": 1.1971954425942155,
    "91": 1.3486047480216576,
    "92": 2.051106025934401,
    "93": 1.2035398230088497,
    "94": 1.1406764441783896,
    "95": 2.067055393586006,
    "96": 1.4376638855780692,
    "97": 1.2997702109880926,
    "98": 1.5300875273522976,
    "99": 1.437520552449852,
    "average": 1.598440892222305
}