{
    "0": 1.8255555555555556,
    "1": 1.4122222222222223,
    "2": 2.6766666666666667,
    "3": 1.6188888888888888,
    "4": 1.9183333333333332,
    "5": 3.2855555555555553,
    "6": 1.1,
    "7": 1.9183333333333332,
    "average": 1.9694444444444443
}