{
    "0": 1.4754098360655739,
    "1": 1.40625,
    "2": 2.283582089552239,
    "3": 1.9130434782608696,
    "4": 2.1666666666666665,
    "5": 1.2933333333333332,
    "6": 2.269230769230769,
    "7": 2.2222222222222223,
    "8": 1.3928571428571428,
    "9": 2.488372093023256,
    "10": 1.3370786516853932,
    "11": 1.8369565217391304,
    "12": 1.3263157894736841,
    "13": 2.9381443298969074,
    "14": 1.88,
    "15": 1.2233009708737863,
    "16": 1.3867924528301887,
    "17": 1.2222222222222223,
    "18": 2.054054054054054,
    "19": 1.4473684210526316,
    "20": 1.4188034188034189,
    "21": 1.95,
    "22": 3.2845528455284554,
    "23": 1.1984126984126984,
    "24": 1.697674418604651,
    "25": 1.1893939393939394,
    "26": 1.1851851851851851,
    "27": 1.2028985507246377,
    "28": 1.2605633802816902,
    "29": 2.510344827586207,
    "30": 1.5100671140939597,
    "31": 1.4379084967320261,
    "32": 1.4585987261146496,
    "33": 2.0434782608695654,
    "34": 1.1818181818181819,
    "35": 1.4642857142857142,
    "36": 1.308139534883721,
    "37": 2.0170454545454546,
    "38": 1.1555555555555554,
    "39": 1.2173913043478262,
    "40": 1.4680851063829787,
    "41": 3.3989637305699483,
    "42": 1.1464646464646464,
    "43": 1.1182266009852218,
    "44": 1.6778846153846154,
    "45": 1.8504672897196262,
    "46": 3.05,
    "47": 1.0973451327433628,
    "48": 1.4059829059829059,
    "49": 1.7385892116182573,
    "50": 2.774193548387097,
    "51": 1.55078125,
    "52": 1.2226415094339622,
    "53": 1.2545454545454546,
    "54": 1.704225352112676,
    "55": 1.4406779661016949,
    "56": 1.934640522875817,
    "57": 1.1567398119122256,
    "58": 1.882882882882883,
    "59": 1.160458452722063,
    "60": 1.9616438356164383,
    "61": 1.175392670157068,
    "62": 2.0952380952380953,
    "63": 2.7971360381861574,
    "64": 1.5340909090909092,
    "65": 1.1545064377682404,
    "66": 1.815040650406504,
    "67": 1.5009633911368014,
    "68": 1.6405109489051095,
    "69": 1.2170138888888888,
    "70": 1.8374792703150913,
    "71": 1.162460567823344,
    "72": 1.7293233082706767,
    "73": 1.2867332382310985,
    "74": 2.6993288590604028,
    "75": 2.086683417085427,
    "76": 1.2724056603773586,
    "77": 1.1282894736842106,
    "78": 1.1095189355168884,
    "79": 1.7446808510638299,
    "80": 1.99009900990099,
    "81": 1.4932432432432432,
    "82": 1.8129952456418383,
    "83": 2.1070911722141825,
    "84": 2.215181518151815,
    "85": 2.223952095808383,
    "86": 1.0524590163934426,
    "87": 1.8055130168453293,
    "88": 1.9712505989458553,
    "89": 1.4308045977011494,
    "90": 1.85977212971078,
    "91": 1.6976259891711787,
    "92": 1.3882532418001525,
    "93": 1.118788291354663,
    "94": 1.1798862615983239,
    "95": 1.6204611714815798,
    "96": 1.6719904648390942,
    "97": 1.37372049300188,
    "98": 1.4201312910284465,
    "99": 1.5718513646826702,
    "average": 1.6724262530397056
}