{
    "0": 2.085,
    "1": 2.4411111111111112,
    "2": 3.3338888888888887,
    "3": 2.5966666666666667,
    "4": 1.2683333333333333,
    "5": 1.971111111111111,
    "6": 2.0566666666666666,
    "7": 3.0755555555555554,
    "8": 1.6172222222222221,
    "9": 1.265,
    "average": 2.1710555555555553
}