{
    "0": 1.0416666666666667,
    "1": 1.1333333333333333,
    "2": 2.275,
    "3": 1.6666666666666667,
    "4": 1.125,
    "5": 1.125,
    "6": 1.85,
    "7": 1.975,
    "8": 1.0666666666666667,
    "9": 2.8916666666666666,
    "10": 1.7833333333333334,
    "11": 1.775,
    "12": 2.8583333333333334,
    "13": 1.2916666666666667,
    "14": 1.2916666666666667,
    "15": 1.125,
    "16": 1.175,
    "17": 1.9583333333333333,
    "18": 1.9583333333333333,
    "19": 1.125,
    "20": 1.0666666666666667,
    "21": 1.1916666666666667,
    "22": 2.2764227642276422,
    "23": 1.873015873015873,
    "24": 1.9767441860465116,
    "25": 1.106060606060606,
    "26": 1.1185185185185185,
    "27": 1.565217391304348,
    "28": 1.1901408450704225,
    "29": 1.1241379310344828,
    "30": 1.1140939597315436,
    "31": 1.1241830065359477,
    "32": 1.1910828025477707,
    "33": 2.391304347826087,
    "34": 1.8727272727272728,
    "35": 1.1904761904761905,
    "36": 1.1046511627906976,
    "37": 1.1193181818181819,
    "38": 2.3944444444444444,
    "39": 1.1576086956521738,
    "40": 2.393617021276596,
    "41": 1.7150259067357514,
    "42": 1.5808080808080809,
    "43": 2.7536945812807883,
    "44": 1.2451923076923077,
    "45": 1.2523364485981308,
    "46": 1.290909090909091,
    "47": 1.5,
    "48": 1.4615384615384615,
    "49": 1.0746887966804979,
    "50": 2.217741935483871,
    "51": 1.41015625,
    "52": 3.3132075471698115,
    "53": 1.7127272727272727,
    "54": 1.5,
    "55": 2.057627118644068,
    "56": 1.7156862745098038,
    "57": 2.2163009404388716,
    "58": 1.7267267267267268,
    "59": 1.9598853868194843,
    "60": 2.2739726027397262,
    "61": 1.2486910994764397,
    "62": 1.5964912280701755,
    "63": 1.18854415274463,
    "64": 1.25,
    "65": 2.890557939914163,
    "66": 1.1727642276422765,
    "67": 1.4123314065510597,
    "68": 1.2992700729927007,
    "69": 2.4166666666666665,
    "70": 1.9585406301824213,
    "71": 1.0741324921135647,
    "72": 1.1203007518796992,
    "73": 1.9586305278174037,
    "74": 2.0563758389261744,
    "75": 1.1884422110552764,
    "76": 2.4162735849056602,
    "77": 1.7138157894736843,
    "78": 1.8700102354145343,
    "79": 1.2882011605415862,
    "80": 1.7128712871287128,
    "81": 1.0903716216216217,
    "82": 1.2480190174326466,
    "83": 1.1005788712011577,
    "84": 1.9584158415841584,
    "85": 2.089820359281437,
    "86": 1.8699453551912568,
    "87": 2.6222562531904035,
    "88": 1.825107810253953,
    "89": 1.2482758620689656,
    "90": 1.6533742331288344,
    "91": 1.1720116618075802,
    "92": 2.522883295194508,
    "93": 1.2515316541865213,
    "94": 1.7129601915594133,
    "95": 1.6323880201431222,
    "96": 1.4750893921334922,
    "97": 1.3499059954042198,
    "98": 1.1307439824945296,
    "99": 1.703058204537981,
    "average": 1.6350163985652069
}