{
    "0": 1.6816666666666666,
    "1": 1.4044444444444444,
    "2": 1.8788888888888888,
    "average": 1.655
}