{
    "0": 1.1311111111111112,
    "average": 1.1311111111111112
}