{
    "0": 1.6933333333333334,
    "1": 1.4277777777777778,
    "2": 1.9144444444444444,
    "average": 1.6785185185185185
}