{
    "0": 3.9233333333333333,
    "1": 3.082777777777778,
    "2": 1.8527777777777779,
    "3": 3.807777777777778,
    "4": 2.221111111111111,
    "5": 2.772222222222222,
    "6": 2.5327777777777776,
    "7": 2.1866666666666665,
    "8": 2.091666666666667,
    "average": 2.7190123456790127
}