{
    "0": 1.0,
    "1": 1.0,
    "2": 2.044776119402985,
    "3": 1.4927536231884058,
    "4": 2.013888888888889,
    "5": 1.3066666666666666,
    "6": 2.0384615384615383,
    "7": 2.037037037037037,
    "8": 1.1547619047619047,
    "9": 2.2209302325581395,
    "10": 1.1348314606741574,
    "11": 1.0,
    "12": 1.0736842105263158,
    "13": 1.9793814432989691,
    "14": 1.83,
    "15": 1.4757281553398058,
    "16": 1.1132075471698113,
    "17": 1.0,
    "18": 1.8738738738738738,
    "19": 1.105263157894737,
    "20": 1.0427350427350428,
    "21": 1.8,
    "22": 3.292682926829268,
    "23": 1.0,
    "24": 1.441860465116279,
    "25": 1.3257575757575757,
    "26": 1.0,
    "27": 1.0,
    "28": 1.0774647887323943,
    "29": 1.5379310344827586,
    "30": 1.1342281879194631,
    "31": 1.803921568627451,
    "32": 1.2993630573248407,
    "33": 1.9130434782608696,
    "34": 1.0,
    "35": 1.3273809523809523,
    "36": 1.5988372093023255,
    "37": 1.4431818181818181,
    "38": 1.0,
    "39": 1.065217391304348,
    "40": 1.122340425531915,
    "41": 1.8652849740932642,
    "42": 1.0,
    "43": 1.0,
    "44": 1.6153846153846154,
    "45": 1.8738317757009346,
    "46": 1.9136363636363636,
    "47": 1.0,
    "48": 1.606837606837607,
    "49": 1.5726141078838174,
    "50": 2.5120967741935485,
    "51": 1.70703125,
    "52": 1.0,
    "53": 1.1527272727272728,
    "54": 1.2570422535211268,
    "55": 1.5864406779661018,
    "56": 1.4411764705882353,
    "57": 1.103448275862069,
    "58": 1.105105105105105,
    "59": 1.0,
    "60": 3.3232876712328765,
    "61": 1.1675392670157068,
    "62": 1.9072681704260652,
    "63": 1.9140811455847255,
    "64": 1.1113636363636363,
    "65": 1.0,
    "66": 1.8008130081300813,
    "67": 1.4836223506743738,
    "68": 1.4142335766423357,
    "69": 1.0121527777777777,
    "70": 1.6533996683250414,
    "71": 1.028391167192429,
    "72": 1.500751879699248,
    "73": 1.3067047075606277,
    "74": 1.3946308724832215,
    "75": 2.0339195979899496,
    "76": 1.3077830188679245,
    "77": 1.0263157894736843,
    "78": 1.0235414534288638,
    "79": 2.0551257253384914,
    "80": 1.9585958595859585,
    "81": 1.3876689189189189,
    "82": 1.3621236133122028,
    "83": 2.047756874095514,
    "84": 2.153135313531353,
    "85": 1.904191616766467,
    "86": 1.0092896174863388,
    "87": 1.8249106687085248,
    "88": 2.0819357930043125,
    "89": 1.5774712643678162,
    "90": 1.8326029798422436,
    "91": 1.469387755102041,
    "92": 1.3806254767353165,
    "93": 1.137508509189925,
    "94": 1.3106854235258905,
    "95": 1.6909620991253644,
    "96": 1.7392133492252682,
    "97": 1.249216628368498,
    "98": 1.199307075127644,
    "99": 1.377836238079579,
    "average": 1.4859319986403683
}