{
    "0": 1.8255555555555556,
    "1": 1.4122222222222223,
    "2": 3.073888888888889,
    "3": 1.9177777777777778,
    "4": 1.9183333333333332,
    "5": 2.0455555555555556,
    "6": 1.085,
    "average": 1.8969047619047619
}