{
    "0": 2.272777777777778,
    "1": 1.798888888888889,
    "2": 1.8272222222222223,
    "3": 3.867777777777778,
    "4": 1.1177777777777778,
    "5": 1.7038888888888888,
    "6": 1.1311111111111112,
    "7": 1.1177777777777778,
    "8": 3.22,
    "average": 2.006358024691358
}