{
    "0": 1.4754098360655739,
    "1": 1.40625,
    "2": 2.283582089552239,
    "3": 1.9130434782608696,
    "4": 2.1666666666666665,
    "5": 1.2933333333333332,
    "6": 2.269230769230769,
    "7": 2.2222222222222223,
    "8": 1.3928571428571428,
    "9": 2.3488372093023258,
    "10": 1.3370786516853932,
    "11": 1.8369565217391304,
    "12": 1.3263157894736841,
    "13": 2.9381443298969074,
    "14": 1.88,
    "15": 1.2233009708737863,
    "16": 1.3867924528301887,
    "17": 1.2222222222222223,
    "18": 2.054054054054054,
    "19": 1.4035087719298245,
    "20": 1.4188034188034189,
    "21": 1.95,
    "22": 3.2845528455284554,
    "23": 1.1984126984126984,
    "24": 1.697674418604651,
    "25": 1.1893939393939394,
    "26": 1.1851851851851851,
    "27": 1.2028985507246377,
    "28": 1.2605633802816902,
    "29": 2.510344827586207,
    "30": 1.5100671140939597,
    "31": 1.4379084967320261,
    "32": 1.4585987261146496,
    "33": 1.4720496894409938,
    "34": 1.1818181818181819,
    "35": 1.4642857142857142,
    "36": 1.308139534883721,
    "37": 2.0170454545454546,
    "38": 1.1555555555555554,
    "39": 1.2173913043478262,
    "40": 1.4893617021276595,
    "41": 3.393782383419689,
    "42": 1.1464646464646464,
    "43": 1.1182266009852218,
    "44": 1.6778846153846154,
    "45": 1.8504672897196262,
    "46": 1.9772727272727273,
    "47": 1.0973451327433628,
    "48": 1.4059829059829059,
    "49": 1.7385892116182573,
    "50": 2.774193548387097,
    "51": 1.55078125,
    "52": 1.8037735849056604,
    "53": 1.2545454545454546,
    "54": 1.704225352112676,
    "55": 1.4406779661016949,
    "56": 1.934640522875817,
    "57": 1.1567398119122256,
    "58": 1.882882882882883,
    "59": 1.160458452722063,
    "60": 2.010958904109589,
    "61": 1.175392670157068,
    "62": 2.0952380952380953,
    "63": 2.7231503579952268,
    "64": 1.5340909090909092,
    "65": 1.1545064377682404,
    "66": 2.908536585365854,
    "67": 1.5009633911368014,
    "68": 1.6405109489051095,
    "69": 1.2170138888888888,
    "70": 1.8374792703150913,
    "71": 1.162460567823344,
    "72": 1.4210526315789473,
    "73": 1.2853067047075606,
    "74": 1.8134228187919463,
    "75": 1.8982412060301508,
    "76": 1.2818396226415094,
    "77": 1.1282894736842106,
    "78": 1.1095189355168884,
    "79": 1.7611218568665377,
    "80": 1.972997299729973,
    "81": 1.4932432432432432,
    "82": 1.8114104595879557,
    "83": 2.4167872648335744,
    "84": 2.215181518151815,
    "85": 2.1035928143712574,
    "86": 1.0524590163934426,
    "87": 1.6467585502807556,
    "88": 1.9568758984187828,
    "89": 1.7085057471264369,
    "90": 1.85977212971078,
    "91": 1.6376509787588505,
    "92": 1.374141876430206,
    "93": 1.2018379850238257,
    "94": 1.2424423825202036,
    "95": 1.6204611714815798,
    "96": 1.5821215733015495,
    "97": 1.3624399415082515,
    "98": 1.4186725018234865,
    "99": 1.4140085498191384,
    "average": 1.6580924776982666
}