{
    "0": 1.6885245901639345,
    "1": 1.890625,
    "2": 2.044776119402985,
    "3": 1.1304347826086956,
    "4": 1.0,
    "5": 1.0,
    "6": 1.0,
    "7": 2.037037037037037,
    "8": 2.0357142857142856,
    "9": 1.9186046511627908,
    "10": 1.0,
    "11": 1.4782608695652173,
    "12": 1.1578947368421053,
    "13": 1.0,
    "14": 2.52,
    "15": 1.3203883495145632,
    "16": 1.9245283018867925,
    "17": 2.8518518518518516,
    "18": 1.0,
    "19": 1.1929824561403508,
    "20": 1.4102564102564104,
    "21": 2.75,
    "22": 1.6829268292682926,
    "23": 1.6031746031746033,
    "24": 1.0,
    "25": 2.2803030303030303,
    "26": 1.8296296296296297,
    "27": 1.3985507246376812,
    "28": 1.0352112676056338,
    "29": 1.6,
    "30": 1.919463087248322,
    "31": 2.843137254901961,
    "32": 1.0509554140127388,
    "33": 1.31055900621118,
    "34": 1.6,
    "35": 1.375,
    "36": 2.0348837209302326,
    "37": 1.3352272727272727,
    "38": 1.5,
    "39": 1.451086956521739,
    "40": 2.026595744680851,
    "41": 1.7875647668393781,
    "42": 1.2878787878787878,
    "43": 1.0295566502463054,
    "44": 2.923076923076923,
    "45": 1.4906542056074767,
    "46": 1.1772727272727272,
    "47": 3.02212389380531,
    "48": 1.829059829059829,
    "49": 1.0,
    "50": 1.8024193548387097,
    "51": 2.57421875,
    "52": 1.5962264150943397,
    "53": 2.5745454545454547,
    "54": 2.0528169014084505,
    "55": 1.8305084745762712,
    "56": 1.0294117647058822,
    "57": 2.0344827586206895,
    "58": 1.4594594594594594,
    "59": 1.7249283667621778,
    "60": 1.3835616438356164,
    "61": 1.9371727748691099,
    "62": 1.413533834586466,
    "63": 1.828162291169451,
    "64": 1.9704545454545455,
    "65": 1.8369098712446352,
    "66": 1.2154471544715446,
    "67": 2.2736030828516376,
    "68": 1.6824817518248176,
    "69": 1.1458333333333333,
    "70": 1.7993366500829187,
    "71": 2.138801261829653,
    "72": 1.4917293233082707,
    "73": 1.8830242510699002,
    "74": 1.47248322147651,
    "75": 1.5050251256281406,
    "76": 3.2122641509433962,
    "77": 1.7423245614035088,
    "78": 1.1248720573183213,
    "79": 2.0667311411992264,
    "80": 1.054005400540054,
    "81": 1.4349662162162162,
    "82": 2.6735340729001584,
    "83": 2.2510853835021707,
    "84": 1.522112211221122,
    "85": 1.6419161676646707,
    "86": 2.1573770491803277,
    "87": 2.6059213884635017,
    "88": 2.415908001916627,
    "89": 2.219770114942529,
    "90": 1.4618755477651184,
    "91": 1.8546438983756768,
    "92": 2.152936689549962,
    "93": 2.611640571817563,
    "94": 1.7413947919784496,
    "95": 1.607209117413199,
    "96": 2.0431466030989274,
    "97": 1.4562356381867558,
    "98": 1.1792487235594458,
    "99": 1.8288391976323577,
    "100": 1.6885245901639345,
    "101": 1.84375,
    "102": 2.044776119402985,
    "103": 2.1884057971014492,
    "104": 1.9583333333333333,
    "105": 1.88,
    "106": 1.9230769230769231,
    "107": 2.037037037037037,
    "108": 2.0357142857142856,
    "109": 1.0,
    "110": 1.0786516853932584,
    "111": 1.891304347826087,
    "112": 1.0,
    "113": 1.3402061855670102,
    "114": 2.52,
    "115": 1.4757281553398058,
    "116": 3.311320754716981,
    "117": 2.8981481481481484,
    "118": 1.5945945945945945,
    "119": 1.7543859649122806,
    "120": 1.0,
    "121": 1.8583333333333334,
    "122": 1.6829268292682926,
    "123": 2.611111111111111,
    "124": 1.3953488372093024,
    "125": 1.5833333333333333,
    "126": 1.8296296296296297,
    "127": 2.1159420289855073,
    "128": 1.352112676056338,
    "129": 1.0689655172413792,
    "130": 1.919463087248322,
    "131": 1.2810457516339868,
    "132": 1.1719745222929936,
    "133": 1.4161490683229814,
    "134": 2.375757575757576,
    "135": 1.0892857142857142,
    "136": 1.9069767441860466,
    "137": 1.3352272727272727,
    "138": 2.1,
    "139": 1.9184782608695652,
    "140": 1.6063829787234043,
    "141": 1.2538860103626943,
    "142": 1.0,
    "143": 1.2315270935960592,
    "144": 3.0384615384615383,
    "145": 1.4345794392523366,
    "146": 1.7136363636363636,
    "147": 1.0,
    "148": 1.829059829059829,
    "149": 1.3153526970954357,
    "150": 2.7096774193548385,
    "151": 2.57421875,
    "152": 2.430188679245283,
    "153": 2.5745454545454547,
    "154": 1.8838028169014085,
    "155": 1.8305084745762712,
    "156": 1.2320261437908497,
    "157": 2.0344827586206895,
    "158": 1.2972972972972974,
    "159": 0.997134670487106,
    "160": 2.16986301369863,
    "161": 1.9371727748691099,
    "162": 1.0350877192982457,
    "163": 1.828162291169451,
    "164": 1.675,
    "165": 2.476394849785408,
    "166": 1.0264227642276422,
    "167": 2.2736030828516376,
    "168": 1.6824817518248176,
    "169": 2.1493055555555554,
    "170": 1.7993366500829187,
    "171": 1.498422712933754,
    "172": 1.0406015037593985,
    "173": 1.6647646219686163,
    "174": 2.664429530201342,
    "175": 1.1884422110552764,
    "176": 1.732311320754717,
    "177": 1.2510964912280702,
    "178": 1.4278403275332652,
    "179": 1.1218568665377175,
    "180": 1.2862286228622861,
    "181": 1.741554054054054,
    "182": 1.4025356576862125,
    "183": 1.4218523878437048,
    "184": 1.1056105610561056,
    "185": 2.5419161676646707,
    "186": 2.0617486338797812,
    "187": 1.898928024502297,
    "188": 2.410158121705798,
    "189": 2.2482758620689656,
    "190": 1.0784399649430325,
    "191": 2.1232819658475637,
    "192": 2.8409610983981692,
    "193": 2.2501701837985024,
    "194": 1.4684226279557018,
    "195": 1.9708454810495626,
    "196": 1.9172824791418355,
    "197": 1.6465427198663045,
    "198": 1.3575857038657915,
    "199": 1.5726734626767511,
    "average": 1.7447135286632727
}