{
    "0": 2.0416666666666665,
    "1": 1.1333333333333333,
    "2": 1.8833333333333333,
    "3": 1.25,
    "4": 1.1916666666666667,
    "5": 1.525,
    "6": 1.5333333333333334,
    "7": 1.9583333333333333,
    "8": 1.1916666666666667,
    "9": 1.2916666666666667,
    "10": 2.0416666666666665,
    "11": 1.0333333333333334,
    "12": 1.7166666666666666,
    "13": 1.65,
    "14": 3.2916666666666665,
    "15": 1.475,
    "16": 2.0833333333333335,
    "17": 1.125,
    "18": 2.6083333333333334,
    "19": 1.8666666666666667,
    "20": 1.8833333333333333,
    "21": 1.2166666666666666,
    "22": 1.2926829268292683,
    "23": 1.7777777777777777,
    "24": 1.5813953488372092,
    "25": 1.8409090909090908,
    "26": 1.7333333333333334,
    "27": 1.7173913043478262,
    "28": 1.8309859154929577,
    "29": 1.5034482758620689,
    "30": 2.3758389261744965,
    "31": 2.418300653594771,
    "32": 1.8280254777070064,
    "33": 1.1925465838509317,
    "34": 1.1757575757575758,
    "35": 1.125,
    "36": 3.313953488372093,
    "37": 2.2613636363636362,
    "38": 1.7777777777777777,
    "39": 2.3206521739130435,
    "40": 3.872340425531915,
    "41": 1.9170984455958548,
    "42": 1.4141414141414141,
    "43": 1.6059113300492611,
    "44": 1.8653846153846154,
    "45": 1.6822429906542056,
    "46": 1.9363636363636363,
    "47": 1.9601769911504425,
    "48": 1.9615384615384615,
    "49": 3.037344398340249,
    "50": 3.149193548387097,
    "51": 2.05078125,
    "52": 3.147169811320755,
    "53": 1.6254545454545455,
    "54": 1.4295774647887325,
    "55": 3.8677966101694916,
    "56": 1.8823529411764706,
    "57": 1.8275862068965518,
    "58": 1.936936936936937,
    "59": 2.0343839541547277,
    "60": 2.9972602739726026,
    "61": 1.1884816753926701,
    "62": 1.6040100250626566,
    "63": 2.171837708830549,
    "64": 1.1136363636363635,
    "65": 1.1716738197424892,
    "66": 1.2886178861788617,
    "67": 2.2389210019267822,
    "68": 1.7773722627737227,
    "69": 1.9357638888888888,
    "70": 1.9585406301824213,
    "71": 1.9589905362776026,
    "72": 1.2887218045112783,
    "73": 1.2710413694721825,
    "74": 1.465771812080537,
    "75": 1.2876884422110553,
    "76": 1.5035377358490567,
    "77": 3.286184210526316,
    "78": 1.0348004094165815,
    "79": 1.3945841392649903,
    "80": 2.3906390639063906,
    "81": 1.412162162162162,
    "82": 1.0388272583201268,
    "83": 1.670043415340087,
    "84": 1.9346534653465346,
    "85": 1.807185628742515,
    "86": 1.4721311475409835,
    "87": 1.8254211332312404,
    "88": 1.477240057498802,
    "89": 1.3020689655172413,
    "90": 1.1617002629272568,
    "91": 1.4527280299875052,
    "92": 3.181159420289855,
    "93": 1.2879509870660313,
    "94": 1.3008081412750674,
    "95": 2.9533527696793005,
    "96": 2.2133492252681766,
    "97": 1.1735951535408398,
    "98": 1.8185630926331144,
    "99": 1.531239723775074,
    "average": 1.8260483801184884
}