{
    "0": 2.9588888888888887,
    "1": 2.5633333333333335,
    "2": 2.837222222222222,
    "3": 2.1766666666666667,
    "4": 2.8405555555555555,
    "average": 2.6753333333333336
}