{
    "0": 1.4122222222222223,
    "1": 1.5516666666666667,
    "2": 1.5955555555555556,
    "3": 1.8255555555555556,
    "average": 1.5962500000000002
}