{
    "0": 2.1311475409836067,
    "1": 2.390625,
    "2": 2.1044776119402986,
    "3": 3.130434782608696,
    "4": 2.0694444444444446,
    "5": 2.026666666666667,
    "6": 2.3076923076923075,
    "7": 3.049382716049383,
    "8": 1.8095238095238095,
    "9": 2.697674418604651,
    "10": 2.067415730337079,
    "11": 1.423913043478261,
    "12": 2.9368421052631577,
    "13": 1.8762886597938144,
    "14": 2.27,
    "15": 1.9611650485436893,
    "16": 1.8396226415094339,
    "17": 1.8518518518518519,
    "18": 1.4954954954954955,
    "19": 2.1315789473684212,
    "20": 1.452991452991453,
    "21": 1.975,
    "22": 2.16260162601626,
    "23": 1.4047619047619047,
    "24": 1.372093023255814,
    "25": 2.128787878787879,
    "26": 1.6888888888888889,
    "27": 1.4565217391304348,
    "28": 2.4507042253521125,
    "29": 1.6896551724137931,
    "30": 2.38255033557047,
    "31": 2.5359477124183005,
    "32": 2.8980891719745223,
    "33": 1.4658385093167703,
    "34": 2.084848484848485,
    "35": 2.4226190476190474,
    "36": 2.4709302325581395,
    "37": 2.625,
    "38": 1.4222222222222223,
    "39": 2.125,
    "40": 1.3617021276595744,
    "41": 1.9740932642487046,
    "42": 2.898989898989899,
    "43": 2.12807881773399,
    "44": 1.8028846153846154,
    "45": 1.6869158878504673,
    "46": 2.2045454545454546,
    "47": 2.2079646017699117,
    "48": 2.0982905982905984,
    "49": 2.128630705394191,
    "50": 2.0201612903225805,
    "51": 1.33203125,
    "52": 1.9924528301886792,
    "53": 2.207272727272727,
    "54": 2.0809859154929575,
    "55": 1.9423728813559322,
    "56": 2.130718954248366,
    "57": 1.9717868338557993,
    "58": 2.003003003003003,
    "59": 1.4212034383954155,
    "60": 2.515068493150685,
    "61": 1.4659685863874345,
    "62": 2.8972431077694236,
    "63": 2.7541766109785204,
    "64": 1.4386363636363637,
    "65": 2.328326180257511,
    "66": 2.928861788617886,
    "67": 1.9730250481695568,
    "68": 2.0273722627737225,
    "69": 2.9270833333333335,
    "70": 1.4643449419568824,
    "71": 1.4479495268138802,
    "72": 2.833082706766917,
    "73": 2.283880171184023,
    "74": 1.9919463087248321,
    "75": 2.8027638190954773,
    "76": 2.57311320754717,
    "77": 2.0767543859649122,
    "78": 2.3121801432958033,
    "79": 2.5628626692456478,
    "80": 2.6102610261026102,
    "81": 1.2381756756756757,
    "82": 1.421553090332805,
    "83": 2.4479015918958034,
    "84": 3.072607260726073,
    "85": 2.118562874251497,
    "86": 2.544808743169399,
    "87": 2.189382337927514,
    "88": 2.3885960709151894,
    "89": 1.4519540229885057,
    "90": 2.1796669588080633,
    "91": 2.726780508121616,
    "92": 1.4916094584286803,
    "93": 2.0088495575221237,
    "94": 2.0927865908410657,
    "95": 2.3191094619666046,
    "96": 1.8471990464839094,
    "97": 2.387298934614581,
    "98": 2.5908096280087527,
    "99": 1.9730351857941466,
    "average": 2.1208596722652904
}