{
    "0": 2.09,
    "1": 2.1661111111111113,
    "2": 2.2983333333333333,
    "3": 1.8477777777777777,
    "average": 2.1005555555555553
}