{
    "0": 1.5333333333333334,
    "1": 1.5,
    "2": 1.875,
    "3": 2.8916666666666666,
    "4": 2.8916666666666666,
    "5": 2.5416666666666665,
    "6": 2.1166666666666667,
    "7": 1.3166666666666667,
    "8": 1.55,
    "9": 2.8916666666666666,
    "10": 1.95,
    "11": 1.4833333333333334,
    "12": 2.7083333333333335,
    "13": 2.408333333333333,
    "14": 2.8,
    "15": 1.9333333333333333,
    "16": 1.9083333333333334,
    "17": 2.625,
    "18": 1.9416666666666667,
    "19": 2.8916666666666666,
    "20": 2.441666666666667,
    "21": 1.725,
    "22": 2.6747967479674797,
    "23": 1.8492063492063493,
    "24": 1.2713178294573644,
    "25": 1.2727272727272727,
    "26": 1.6296296296296295,
    "27": 1.1304347826086956,
    "28": 2.2253521126760565,
    "29": 1.9379310344827587,
    "30": 1.9261744966442953,
    "31": 2.0065359477124183,
    "32": 2.178343949044586,
    "33": 1.2670807453416149,
    "34": 2.3454545454545452,
    "35": 1.3154761904761905,
    "36": 1.377906976744186,
    "37": 1.9034090909090908,
    "38": 1.2666666666666666,
    "39": 2.266304347826087,
    "40": 1.9627659574468086,
    "41": 1.849740932642487,
    "42": 1.3131313131313131,
    "43": 1.812807881773399,
    "44": 2.6634615384615383,
    "45": 2.47196261682243,
    "46": 2.172727272727273,
    "47": 1.8495575221238938,
    "48": 1.2136752136752136,
    "49": 1.887966804979253,
    "50": 2.879032258064516,
    "51": 2.1328125,
    "52": 2.5018867924528303,
    "53": 1.92,
    "54": 2.647887323943662,
    "55": 2.4237288135593222,
    "56": 1.3137254901960784,
    "57": 1.1849529780564263,
    "58": 1.8558558558558558,
    "59": 1.9111747851002865,
    "60": 2.2465753424657535,
    "61": 2.5157068062827226,
    "62": 2.6591478696741855,
    "63": 1.9618138424821003,
    "64": 2.8659090909090907,
    "65": 1.5300429184549356,
    "66": 2.182926829268293,
    "67": 2.7090558766859343,
    "68": 2.0164233576642334,
    "69": 1.5052083333333333,
    "70": 1.3532338308457712,
    "71": 1.8201892744479495,
    "72": 1.9849624060150375,
    "73": 2.4151212553495007,
    "74": 2.421476510067114,
    "75": 2.3743718592964824,
    "76": 1.838443396226415,
    "77": 1.3388157894736843,
    "78": 1.8433981576253837,
    "79": 1.816247582205029,
    "80": 2.134113411341134,
    "81": 1.8116554054054055,
    "82": 2.2575277337559427,
    "83": 1.2532561505065123,
    "84": 1.9663366336633663,
    "85": 1.7467065868263474,
    "86": 1.3240437158469944,
    "87": 1.3297600816743236,
    "88": 2.0306660277910877,
    "89": 1.8694252873563217,
    "90": 1.8413672217353199,
    "91": 2.351103706788838,
    "92": 1.3295194508009154,
    "93": 1.2699115044247788,
    "94": 1.5962286740496858,
    "95": 1.8006891068115558,
    "96": 2.6097735399284865,
    "97": 1.2404428660956759,
    "98": 1.901167031363968,
    "99": 1.8020388030253207,
    "average": 1.9660340583455278
}