{
    "0": 1.0,
    "1": 1.1333333333333333,
    "2": 1.475,
    "3": 1.075,
    "4": 1.1333333333333333,
    "5": 1.475,
    "6": 1.4,
    "7": 1.0,
    "8": 1.0666666666666667,
    "9": 1.075,
    "10": 1.4333333333333333,
    "11": 1.0416666666666667,
    "12": 1.175,
    "13": 1.375,
    "14": 2.05,
    "15": 1.0,
    "16": 1.6083333333333334,
    "17": 1.0,
    "18": 2.25,
    "19": 1.6916666666666667,
    "20": 1.475,
    "21": 1.0666666666666667,
    "22": 1.2926829268292683,
    "23": 1.0,
    "24": 1.5813953488372092,
    "25": 1.4015151515151516,
    "26": 1.3037037037037038,
    "27": 1.173913043478261,
    "28": 1.8309859154929577,
    "29": 1.5034482758620689,
    "30": 1.7852348993288591,
    "31": 1.091503267973856,
    "32": 1.3312101910828025,
    "33": 1.2298136645962734,
    "34": 1.0,
    "35": 1.0714285714285714,
    "36": 1.9186046511627908,
    "37": 2.0454545454545454,
    "38": 1.0,
    "39": 1.5978260869565217,
    "40": 1.5372340425531914,
    "41": 1.9170984455958548,
    "42": 1.0,
    "43": 1.0,
    "44": 1.3365384615384615,
    "45": 1.6822429906542056,
    "46": 1.9363636363636363,
    "47": 1.0,
    "48": 1.9615384615384615,
    "49": 2.08298755186722,
    "50": 1.7620967741935485,
    "51": 1.921875,
    "52": 3.147169811320755,
    "53": 1.24,
    "54": 1.1091549295774648,
    "55": 1.1559322033898305,
    "56": 1.7418300653594772,
    "57": 1.5893416927899686,
    "58": 1.5765765765765767,
    "59": 1.0,
    "60": 2.0575342465753423,
    "61": 1.0628272251308901,
    "62": 1.6040100250626566,
    "63": 2.171837708830549,
    "64": 1.009090909090909,
    "65": 1.0,
    "66": 1.2845528455284554,
    "67": 1.3333333333333333,
    "68": 1.5419708029197081,
    "69": 1.9357638888888888,
    "70": 1.9402985074626866,
    "71": 1.9652996845425867,
    "72": 1.2270676691729323,
    "73": 1.3651925820256776,
    "74": 1.3328859060402685,
    "75": 1.0728643216080402,
    "76": 1.5035377358490567,
    "77": 1.6732456140350878,
    "78": 1.0368474923234392,
    "79": 1.3945841392649903,
    "80": 2.3906390639063906,
    "81": 1.1157094594594594,
    "82": 1.0071315372424723,
    "83": 1.727206946454414,
    "84": 1.93993399339934,
    "85": 1.6820359281437125,
    "86": 1.1043715846994535,
    "87": 1.7646758550280754,
    "88": 1.334930522280786,
    "89": 1.3402298850574712,
    "90": 1.1016652059596845,
    "91": 1.3685964181591004,
    "92": 1.5934401220442411,
    "93": 1.1439754935330158,
    "94": 1.045495360670458,
    "95": 1.790352504638219,
    "96": 1.4166865315852204,
    "97": 1.1257572592437852,
    "98": 1.4854121079504012,
    "99": 1.3181519237093062,
    "average": 1.4416584322787198
}