{
    "0": 1.1311475409836065,
    "1": 1.125,
    "2": 2.044776119402985,
    "3": 2.579710144927536,
    "4": 1.8888888888888888,
    "5": 1.7066666666666668,
    "6": 2.0384615384615383,
    "7": 2.037037037037037,
    "8": 1.5119047619047619,
    "9": 2.2209302325581395,
    "10": 1.1797752808988764,
    "11": 1.923913043478261,
    "12": 1.2947368421052632,
    "13": 2.7216494845360826,
    "14": 1.83,
    "15": 1.883495145631068,
    "16": 1.1886792452830188,
    "17": 1.6111111111111112,
    "18": 3.1531531531531534,
    "19": 1.105263157894737,
    "20": 1.1794871794871795,
    "21": 3.075,
    "22": 3.292682926829268,
    "23": 1.5793650793650793,
    "24": 2.2790697674418605,
    "25": 1.7045454545454546,
    "26": 1.4148148148148147,
    "27": 1.8768115942028984,
    "28": 1.2535211267605635,
    "29": 2.393103448275862,
    "30": 1.1342281879194631,
    "31": 3.0784313725490198,
    "32": 1.7070063694267517,
    "33": 1.8695652173913044,
    "34": 1.4,
    "35": 1.8273809523809523,
    "36": 1.063953488372093,
    "37": 3.3125,
    "38": 1.1,
    "39": 1.190217391304348,
    "40": 1.122340425531915,
    "41": 1.8652849740932642,
    "42": 1.0707070707070707,
    "43": 2.0344827586206895,
    "44": 2.5721153846153846,
    "45": 3.149532710280374,
    "46": 3.036363636363636,
    "47": 1.1327433628318584,
    "48": 2.606837606837607,
    "49": 2.215767634854772,
    "50": 1.7056451612903225,
    "51": 3.28515625,
    "52": 1.120754716981132,
    "53": 1.1745454545454546,
    "54": 2.4190140845070425,
    "55": 2.606779661016949,
    "56": 1.8660130718954249,
    "57": 1.250783699059561,
    "58": 2.891891891891892,
    "59": 1.1203438395415473,
    "60": 3.3123287671232875,
    "61": 1.4136125654450262,
    "62": 2.0476190476190474,
    "63": 3.035799522673031,
    "64": 1.3727272727272728,
    "65": 1.1888412017167382,
    "66": 2.790650406504065,
    "67": 2.0578034682080926,
    "68": 2.605839416058394,
    "69": 1.7135416666666667,
    "70": 1.8275290215588722,
    "71": 1.413249211356467,
    "72": 1.4150375939849624,
    "73": 1.1726105563480742,
    "74": 2.170469798657718,
    "75": 2.0339195979899496,
    "76": 1.2488207547169812,
    "77": 1.0263157894736843,
    "78": 0.9969293756397134,
    "79": 1.8259187620889747,
    "80": 1.9585958595859585,
    "81": 1.8006756756756757,
    "82": 1.7036450079239303,
    "83": 3.073806078147612,
    "84": 3.073927392739274,
    "85": 2.273053892215569,
    "86": 1.073224043715847,
    "87": 3.074017355793772,
    "88": 1.8423574508864398,
    "89": 2.0560919540229885,
    "90": 1.8273444347063978,
    "91": 1.6384839650145773,
    "92": 1.0671243325705568,
    "93": 1.1875425459496256,
    "94": 1.9583956899131996,
    "95": 1.500132520540684,
    "96": 1.7890345649582837,
    "97": 2.068310006266973,
    "98": 1.8273158278628738,
    "99": 1.7762249260111804,
    "average": 1.8939395448251397
}