{
    "0": 1.5,
    "1": 2.5722222222222224,
    "2": 1.3255555555555556,
    "3": 1.1672222222222222,
    "4": 3.073888888888889,
    "average": 1.9277777777777778
}