{
    "0": 1.665,
    "1": 2.5966666666666667,
    "2": 2.9166666666666665,
    "3": 1.3994444444444445,
    "4": 2.9905555555555554,
    "5": 2.4366666666666665,
    "average": 2.3341666666666665
}