{
    "0": 1.8360655737704918,
    "1": 1.421875,
    "2": 1.507462686567164,
    "3": 1.8840579710144927,
    "4": 2.2222222222222223,
    "5": 2.066666666666667,
    "6": 1.935897435897436,
    "7": 2.6296296296296298,
    "8": 1.8333333333333333,
    "9": 1.4186046511627908,
    "10": 2.2247191011235956,
    "11": 1.4782608695652173,
    "12": 1.9684210526315788,
    "13": 2.577319587628866,
    "14": 2.04,
    "15": 1.1262135922330097,
    "16": 2.4245283018867925,
    "17": 1.0740740740740742,
    "18": 1.7207207207207207,
    "19": 1.719298245614035,
    "20": 2.606837606837607,
    "21": 2.783333333333333,
    "22": 1.5365853658536586,
    "23": 1.126984126984127,
    "24": 2.062015503875969,
    "25": 1.121212121212121,
    "26": 2.8962962962962964,
    "27": 1.8840579710144927,
    "28": 2.176056338028169,
    "29": 1.8758620689655172,
    "30": 1.825503355704698,
    "31": 1.3006535947712419,
    "32": 2.21656050955414,
    "33": 1.7080745341614907,
    "34": 1.1757575757575758,
    "35": 3.0773809523809526,
    "36": 1.0290697674418605,
    "37": 1.8863636363636365,
    "38": 2.061111111111111,
    "39": 1.8315217391304348,
    "40": 1.7180851063829787,
    "41": 1.8860103626943006,
    "42": 1.4141414141414141,
    "43": 1.1724137931034482,
    "44": 2.894230769230769,
    "45": 2.0373831775700935,
    "46": 1.1727272727272726,
    "47": 2.893805309734513,
    "48": 1.7991452991452992,
    "49": 3.3112033195020745,
    "50": 1.8266129032258065,
    "51": 1.53125,
    "52": 1.7132075471698114,
    "53": 3.076363636363636,
    "54": 1.7147887323943662,
    "55": 1.8271186440677967,
    "56": 1.5032679738562091,
    "57": 1.8087774294670846,
    "58": 1.7147147147147148,
    "59": 1.828080229226361,
    "60": 2.2739726027397262,
    "61": 1.6780104712041886,
    "62": 1.117794486215539,
    "63": 2.5727923627684963,
    "64": 2.215909090909091,
    "65": 1.8819742489270386,
    "66": 1.934959349593496,
    "67": 1.0674373795761078,
    "68": 2.045620437956204,
    "69": 2.5729166666666665,
    "70": 1.8656716417910448,
    "71": 1.2886435331230284,
    "72": 2.162406015037594,
    "73": 1.18830242510699,
    "74": 1.4120805369127516,
    "75": 1.7261306532663316,
    "76": 0.9964622641509434,
    "77": 2.4934210526315788,
    "78": 1.1719549641760492,
    "79": 2.0454545454545454,
    "80": 1.8820882088208821,
    "81": 2.0658783783783785,
    "82": 2.056259904912837,
    "83": 2.0340086830680173,
    "84": 1.7551155115511552,
    "85": 1.4718562874251497,
    "86": 3.0737704918032787,
    "87": 1.8703420112302196,
    "88": 1.8275035936751318,
    "89": 2.3641379310344828,
    "90": 2.343996494303243,
    "91": 2.034152436484798,
    "92": 1.4286803966437833,
    "93": 2.640912185159973,
    "94": 2.2729721640227476,
    "95": 2.223429631592897,
    "96": 1.0502979737783076,
    "97": 1.539586379778567,
    "98": 1.4046316557257477,
    "99": 1.4204209141729693,
    "average": 1.886058918210085
}