{
    "0": 3.8688524590163933,
    "1": 1.890625,
    "2": 2.044776119402985,
    "3": 1.4202898550724639,
    "4": 1.9583333333333333,
    "5": 1.88,
    "6": 1.9230769230769231,
    "7": 2.037037037037037,
    "8": 2.0357142857142856,
    "9": 3.0348837209302326,
    "10": 1.0786516853932584,
    "11": 1.891304347826087,
    "12": 1.1789473684210525,
    "13": 1.3402061855670102,
    "14": 1.51,
    "15": 2.4174757281553396,
    "16": 3.311320754716981,
    "17": 2.8981481481481484,
    "18": 1.063063063063063,
    "19": 1.8333333333333333,
    "20": 1.9145299145299146,
    "21": 1.3,
    "22": 3.869918699186992,
    "23": 2.611111111111111,
    "24": 2.1705426356589146,
    "25": 2.2803030303030303,
    "26": 1.8296296296296297,
    "27": 2.1739130434782608,
    "28": 1.0352112676056338,
    "29": 1.193103448275862,
    "30": 3.040268456375839,
    "31": 1.8300653594771241,
    "32": 1.1719745222929936,
    "33": 1.4161490683229814,
    "34": 2.5757575757575757,
    "35": 1.8869047619047619,
    "36": 2.0348837209302326,
    "37": 1.3465909090909092,
    "38": 1.5,
    "39": 2.6467391304347827,
    "40": 1.6063829787234043,
    "41": 1.077720207253886,
    "42": 1.2878787878787878,
    "43": 1.0295566502463054,
    "44": 3.0384615384615383,
    "45": 2.2149532710280373,
    "46": 1.7136363636363636,
    "47": 1.8849557522123894,
    "48": 1.829059829059829,
    "49": 1.4771784232365146,
    "50": 3.0766129032258065,
    "51": 2.57421875,
    "52": 1.5962264150943397,
    "53": 1.5963636363636364,
    "54": 1.8838028169014085,
    "55": 1.8305084745762712,
    "56": 1.1013071895424837,
    "57": 2.0344827586206895,
    "58": 1.7057057057057057,
    "59": 0.997134670487106,
    "60": 2.16986301369863,
    "61": 1.9371727748691099,
    "62": 1.3759398496240602,
    "63": 1.828162291169451,
    "64": 1.5772727272727274,
    "65": 1.8004291845493563,
    "66": 1.1016260162601625,
    "67": 2.2736030828516376,
    "68": 1.6824817518248176,
    "69": 1.5954861111111112,
    "70": 3.074626865671642,
    "71": 1.7397476340694007,
    "72": 1.0676691729323309,
    "73": 1.8830242510699002,
    "74": 1.487248322147651,
    "75": 1.0628140703517588,
    "76": 1.8702830188679245,
    "77": 2.8914473684210527,
    "78": 1.7134083930399182,
    "79": 1.067698259187621,
    "80": 1.0675067506750675,
    "81": 1.412162162162162,
    "82": 2.071315372424723,
    "83": 3.3104196816208393,
    "84": 1.4118811881188118,
    "85": 1.4856287425149701,
    "86": 1.9185792349726776,
    "87": 1.776416539050536,
    "88": 1.6190704360325827,
    "89": 2.415632183908046,
    "90": 1.1875547765118317,
    "91": 1.8817159516867972,
    "92": 1.9614797864225781,
    "93": 3.2906739278420694,
    "94": 1.3250523795270877,
    "95": 1.681685661277498,
    "96": 2.269606674612634,
    "97": 1.6423647378316273,
    "98": 1.0669219547775346,
    "99": 1.394278197961197,
    "100": 1.6885245901639345,
    "101": 1.890625,
    "102": 2.044776119402985,
    "103": 1.1304347826086956,
    "104": 1.9583333333333333,
    "105": 3.1466666666666665,
    "106": 3.0384615384615383,
    "107": 2.037037037037037,
    "108": 2.0357142857142856,
    "109": 1.9186046511627908,
    "110": 1.2584269662921348,
    "111": 1.891304347826087,
    "112": 1.0421052631578946,
    "113": 1.865979381443299,
    "114": 1.14,
    "115": 2.4174757281553396,
    "116": 1.9245283018867925,
    "117": 2.8981481481481484,
    "118": 1.063063063063063,
    "119": 1.3333333333333333,
    "120": 2.0085470085470085,
    "121": 1.7083333333333333,
    "122": 3.869918699186992,
    "123": 1.6031746031746033,
    "124": 1.3953488372093024,
    "125": 2.2803030303030303,
    "126": 1.8296296296296297,
    "127": 1.3985507246376812,
    "128": 1.0352112676056338,
    "129": 1.193103448275862,
    "130": 3.040268456375839,
    "131": 1.8300653594771241,
    "132": 1.0382165605095541,
    "133": 1.4161490683229814,
    "134": 2.5757575757575757,
    "135": 1.4761904761904763,
    "136": 2.0348837209302326,
    "137": 1.8693181818181819,
    "138": 2.2111111111111112,
    "139": 3.0380434782608696,
    "140": 1.6063829787234043,
    "141": 1.077720207253886,
    "142": 1.0707070707070707,
    "143": 1.103448275862069,
    "144": 1.9134615384615385,
    "145": 2.2149532710280373,
    "146": 1.7136363636363636,
    "147": 1.4734513274336283,
    "148": 1.829059829059829,
    "149": 1.83402489626556,
    "150": 3.0766129032258065,
    "151": 2.57421875,
    "152": 2.5735849056603772,
    "153": 2.5745454545454547,
    "154": 1.8838028169014085,
    "155": 1.8305084745762712,
    "156": 1.1013071895424837,
    "157": 2.0344827586206895,
    "158": 1.7057057057057057,
    "159": 1.1203438395415473,
    "160": 1.3945205479452054,
    "161": 1.9371727748691099,
    "162": 1.2982456140350878,
    "163": 1.828162291169451,
    "164": 2.275,
    "165": 3.075107296137339,
    "166": 1.1016260162601625,
    "167": 2.2736030828516376,
    "168": 3.8686131386861313,
    "169": 1.5954861111111112,
    "170": 3.074626865671642,
    "171": 2.2492113564668768,
    "172": 1.2887218045112783,
    "173": 1.472182596291013,
    "174": 1.47248322147651,
    "175": 1.1884422110552764,
    "176": 3.1462264150943398,
    "177": 1.8245614035087718,
    "178": 1.7134083930399182,
    "179": 1.2882011605415862,
    "180": 1.288028802880288,
    "181": 1.412162162162162,
    "182": 2.390649762282092,
    "183": 2.029667149059334,
    "184": 1.2640264026402641,
    "185": 1.7035928143712575,
    "186": 2.8737704918032785,
    "187": 2.890760592138846,
    "188": 2.415908001916627,
    "189": 2.415632183908046,
    "190": 1.0626643295354952,
    "191": 1.8817159516867972,
    "192": 1.540045766590389,
    "193": 2.640571817562968,
    "194": 1.3932954205327746,
    "195": 1.7611979856877815,
    "196": 2.232181168057211,
    "197": 1.580530603718404,
    "198": 1.287746170678337,
    "199": 1.394278197961197,
    "average": 1.88550693497456
}