{
    "0": 1.6188888888888888,
    "1": 1.7761111111111112,
    "average": 1.6975
}