{
    "0": 2.0477777777777777,
    "1": 2.1444444444444444,
    "2": 2.258888888888889,
    "3": 1.8288888888888888,
    "average": 2.07
}