{
    "0": 1.0,
    "1": 1.0,
    "2": 1.5833333333333333,
    "3": 1.5333333333333334,
    "4": 1.0916666666666666,
    "5": 1.125,
    "6": 1.475,
    "7": 1.0,
    "8": 1.0333333333333334,
    "9": 1.7833333333333334,
    "10": 1.375,
    "11": 1.5833333333333333,
    "12": 1.6,
    "13": 1.0,
    "14": 1.075,
    "15": 1.0166666666666666,
    "16": 1.175,
    "17": 1.0,
    "18": 1.9583333333333333,
    "19": 1.0,
    "20": 1.0666666666666667,
    "21": 1.0666666666666667,
    "22": 1.5772357723577235,
    "23": 1.0,
    "24": 1.5813953488372092,
    "25": 1.0,
    "26": 1.0814814814814815,
    "27": 1.4057971014492754,
    "28": 1.0352112676056338,
    "29": 1.1241379310344828,
    "30": 1.0,
    "31": 1.0065359477124183,
    "32": 1.0636942675159236,
    "33": 1.565217391304348,
    "34": 1.0,
    "35": 1.0952380952380953,
    "36": 1.0813953488372092,
    "37": 1.1193181818181819,
    "38": 1.288888888888889,
    "39": 1.065217391304348,
    "40": 2.393617021276596,
    "41": 1.7150259067357514,
    "42": 1.0,
    "43": 1.0,
    "44": 1.1778846153846154,
    "45": 1.0841121495327102,
    "46": 1.0681818181818181,
    "47": 1.0,
    "48": 1.1752136752136753,
    "49": 1.0,
    "50": 1.6975806451612903,
    "51": 1.0234375,
    "52": 1.920754716981132,
    "53": 1.0,
    "54": 1.0,
    "55": 1.4779661016949153,
    "56": 1.1764705882352942,
    "57": 1.438871473354232,
    "58": 1.2762762762762763,
    "59": 1.0,
    "60": 2.2739726027397262,
    "61": 1.0732984293193717,
    "62": 1.4761904761904763,
    "63": 1.2124105011933175,
    "64": 1.0386363636363636,
    "65": 1.0,
    "66": 1.2032520325203253,
    "67": 1.1194605009633911,
    "68": 1.2135036496350364,
    "69": 1.6197916666666667,
    "70": 1.7097844112769487,
    "71": 1.0741324921135647,
    "72": 0.9969924812030075,
    "73": 1.9586305278174037,
    "74": 1.4751677852348992,
    "75": 1.1532663316582914,
    "76": 1.6191037735849056,
    "77": 1.0855263157894737,
    "78": 1.4390992835209826,
    "79": 1.2794970986460348,
    "80": 1.2403240324032403,
    "81": 0.9966216216216216,
    "82": 1.1172741679873217,
    "83": 1.0636758321273516,
    "84": 1.7188118811881188,
    "85": 1.4461077844311376,
    "86": 1.0344262295081967,
    "87": 1.7396630934150077,
    "88": 1.441782462865357,
    "89": 1.1797701149425288,
    "90": 1.7765118317265556,
    "91": 1.138692211578509,
    "92": 1.67162471395881,
    "93": 1.2345132743362832,
    "94": 1.1523495959293624,
    "95": 1.5147097800159024,
    "96": 1.5141835518474374,
    "97": 1.2991435136828913,
    "98": 1.1331145149525894,
    "99": 1.3457744163104242,
    "average": 1.2803861491861903
}