{
    "0": 1.0127777777777778,
    "average": 1.0127777777777778
}