{
    "0": 1.8032786885245902,
    "1": 1.71875,
    "2": 2.4328358208955225,
    "3": 2.1159420289855073,
    "4": 2.3194444444444446,
    "5": 1.7733333333333334,
    "6": 2.3974358974358974,
    "7": 2.3333333333333335,
    "8": 1.6071428571428572,
    "9": 3.0348837209302326,
    "10": 1.5617977528089888,
    "11": 1.9891304347826086,
    "12": 1.5263157894736843,
    "13": 3.1752577319587627,
    "14": 2.08,
    "15": 1.796116504854369,
    "16": 1.5566037735849056,
    "17": 1.4074074074074074,
    "18": 2.1531531531531534,
    "19": 1.605263157894737,
    "20": 1.4017094017094016,
    "21": 2.05,
    "22": 3.252032520325203,
    "23": 1.3571428571428572,
    "24": 1.8527131782945736,
    "25": 1.7878787878787878,
    "26": 1.4296296296296296,
    "27": 1.3478260869565217,
    "28": 1.3943661971830985,
    "29": 2.489655172413793,
    "30": 1.9395973154362416,
    "31": 1.411764705882353,
    "32": 1.5668789808917198,
    "33": 2.1552795031055902,
    "34": 1.303030303030303,
    "35": 1.5654761904761905,
    "36": 1.4127906976744187,
    "37": 2.0625,
    "38": 1.288888888888889,
    "39": 1.6358695652173914,
    "40": 1.872340425531915,
    "41": 3.378238341968912,
    "42": 1.2474747474747474,
    "43": 2.2118226600985222,
    "44": 1.8653846153846154,
    "45": 1.9906542056074767,
    "46": 3.0454545454545454,
    "47": 1.1858407079646018,
    "48": 1.858974358974359,
    "49": 1.6887966804979253,
    "50": 2.782258064516129,
    "51": 2.12890625,
    "52": 1.2943396226415094,
    "53": 1.16,
    "54": 1.5669014084507042,
    "55": 1.7118644067796611,
    "56": 1.473856209150327,
    "57": 1.3918495297805642,
    "58": 1.8618618618618619,
    "59": 1.2865329512893984,
    "60": 1.9917808219178081,
    "61": 1.3848167539267016,
    "62": 2.110275689223058,
    "63": 1.9856801909307875,
    "64": 1.3318181818181818,
    "65": 1.1051502145922747,
    "66": 2.7845528455284554,
    "67": 1.5549132947976878,
    "68": 1.666058394160584,
    "69": 1.4131944444444444,
    "70": 1.8922056384742951,
    "71": 1.1924290220820188,
    "72": 1.3413533834586466,
    "73": 1.4336661911554922,
    "74": 3.526174496644295,
    "75": 2.1532663316582914,
    "76": 1.3195754716981132,
    "77": 1.256578947368421,
    "78": 1.1750255885363357,
    "79": 1.9748549323017408,
    "80": 2.009000900090009,
    "81": 1.183277027027027,
    "82": 1.9270998415213947,
    "83": 2.5115774240231548,
    "84": 2.734653465346535,
    "85": 1.5119760479041917,
    "86": 1.13224043715847,
    "87": 1.812149055640633,
    "88": 1.8442740776233828,
    "89": 1.5259770114942528,
    "90": 1.888255915863278,
    "91": 1.404414827155352,
    "92": 1.1666666666666667,
    "93": 1.1286589516678012,
    "94": 1.535767734211314,
    "95": 1.790352504638219,
    "96": 2.2188319427890346,
    "97": 1.4397326091497806,
    "98": 1.536834427425237,
    "99": 1.8617231173955935,
    "average": 1.8085264222601805
}