{
    "0": 1.6305555555555555,
    "1": 1.7972222222222223,
    "average": 1.713888888888889
}