{
    "0": 2.0077777777777777,
    "1": 2.5722222222222224,
    "2": 1.8255555555555556,
    "3": 1.3777777777777778,
    "4": 1.798888888888889,
    "5": 1.6188888888888888,
    "average": 1.8668518518518518
}