{
    "0": 3.132222222222222,
    "1": 2.1372222222222224,
    "2": 2.2355555555555555,
    "3": 2.4205555555555556,
    "4": 1.9011111111111112,
    "5": 3.2955555555555556,
    "6": 1.2316666666666667,
    "7": 1.9183333333333332,
    "average": 2.2840277777777778
}