{
    "0": 1.9166666666666667,
    "1": 1.8,
    "2": 1.1833333333333333,
    "3": 2.0416666666666665,
    "4": 2.4,
    "5": 1.5166666666666666,
    "6": 2.8666666666666667,
    "7": 2.225,
    "8": 1.1666666666666667,
    "9": 1.3416666666666666,
    "10": 2.183333333333333,
    "11": 2.375,
    "12": 1.35,
    "13": 2.816666666666667,
    "14": 1.8416666666666666,
    "15": 2.8916666666666666,
    "16": 1.7916666666666667,
    "17": 2.175,
    "18": 2.5416666666666665,
    "19": 1.525,
    "20": 2.4166666666666665,
    "21": 2.2666666666666666,
    "22": 2.040650406504065,
    "23": 2.0396825396825395,
    "24": 1.2325581395348837,
    "25": 1.9393939393939394,
    "26": 2.2666666666666666,
    "27": 2.036231884057971,
    "28": 2.0140845070422535,
    "29": 2.7103448275862068,
    "30": 1.1812080536912752,
    "31": 1.934640522875817,
    "32": 1.9617834394904459,
    "33": 1.937888198757764,
    "34": 2.3696969696969696,
    "35": 1.5238095238095237,
    "36": 2.88953488372093,
    "37": 1.1988636363636365,
    "38": 1.8388888888888888,
    "39": 1.3967391304347827,
    "40": 2.1968085106382977,
    "41": 1.3419689119170986,
    "42": 1.3434343434343434,
    "43": 2.5369458128078817,
    "44": 2.1490384615384617,
    "45": 2.878504672897196,
    "46": 1.95,
    "47": 2.8849557522123894,
    "48": 1.329059829059829,
    "49": 2.887966804979253,
    "50": 1.8508064516129032,
    "51": 1.8515625,
    "52": 2.6754716981132076,
    "53": 2.6545454545454548,
    "54": 2.0211267605633805,
    "55": 1.230508474576271,
    "56": 1.9019607843137254,
    "57": 2.3573667711598745,
    "58": 1.9039039039039038,
    "59": 2.163323782234957,
    "60": 2.263013698630137,
    "61": 1.3534031413612566,
    "62": 1.8220551378446115,
    "63": 2.8878281622911692,
    "64": 1.2931818181818182,
    "65": 2.663090128755365,
    "66": 2.8841463414634148,
    "67": 2.3545279383429674,
    "68": 2.6916058394160585,
    "69": 1.9236111111111112,
    "70": 2.42620232172471,
    "71": 1.9668769716088328,
    "72": 1.962406015037594,
    "73": 1.8202567760342367,
    "74": 2.353020134228188,
    "75": 1.9597989949748744,
    "76": 1.821933962264151,
    "77": 1.3486842105263157,
    "78": 1.5046059365404298,
    "79": 2.153771760154739,
    "80": 1.135013501350135,
    "81": 1.3589527027027026,
    "82": 1.888272583201268,
    "83": 1.7945007235890014,
    "84": 1.8151815181518152,
    "85": 1.3005988023952095,
    "86": 2.1398907103825136,
    "87": 1.5303726391015824,
    "88": 2.821753713464303,
    "89": 2.631264367816092,
    "90": 1.934706397896582,
    "91": 1.5201999167013744,
    "92": 2.3813882532418003,
    "93": 1.2018379850238257,
    "94": 1.2771625261897634,
    "95": 2.045852107076597,
    "96": 1.8912991656734208,
    "97": 1.1875913933570086,
    "98": 1.3404449307075128,
    "99": 2.422722788556396,
    "average": 1.9832828629911123
}