{
    "0": 1.8255555555555556,
    "1": 2.17,
    "2": 3.036111111111111,
    "3": 1.585,
    "4": 2.4411111111111112,
    "5": 3.212222222222222,
    "6": 1.2327777777777778,
    "average": 2.2146825396825394
}