{
    "0": 2.0144444444444445,
    "1": 2.4155555555555557,
    "2": 1.9183333333333332,
    "3": 3.2855555555555553,
    "4": 1.0266666666666666,
    "5": 3.3105555555555557,
    "6": 2.033888888888889,
    "7": 2.2144444444444447,
    "8": 1.0627777777777778,
    "9": 1.1,
    "average": 2.038222222222222
}