{
    "0": 1.639344262295082,
    "1": 1.5625,
    "2": 2.3582089552238807,
    "3": 2.0144927536231885,
    "4": 2.236111111111111,
    "5": 1.6666666666666667,
    "6": 2.3333333333333335,
    "7": 1.4320987654320987,
    "8": 1.5,
    "9": 2.383720930232558,
    "10": 1.449438202247191,
    "11": 1.9130434782608696,
    "12": 1.368421052631579,
    "13": 3.051546391752577,
    "14": 2.02,
    "15": 1.7184466019417475,
    "16": 1.471698113207547,
    "17": 1.3148148148148149,
    "18": 3.324324324324324,
    "19": 1.5263157894736843,
    "20": 1.3162393162393162,
    "21": 2.0,
    "22": 2.861788617886179,
    "23": 1.2777777777777777,
    "24": 1.7984496124031009,
    "25": 1.5303030303030303,
    "26": 1.362962962962963,
    "27": 1.2753623188405796,
    "28": 1.323943661971831,
    "29": 2.5517241379310347,
    "30": 1.825503355704698,
    "31": 1.2941176470588236,
    "32": 1.5095541401273886,
    "33": 2.0062111801242235,
    "34": 1.2424242424242424,
    "35": 1.5178571428571428,
    "36": 1.6686046511627908,
    "37": 1.5738636363636365,
    "38": 1.2333333333333334,
    "39": 1.266304347826087,
    "40": 1.2819148936170213,
    "41": 1.8134715025906736,
    "42": 1.196969696969697,
    "43": 2.167487684729064,
    "44": 1.1586538461538463,
    "45": 1.9626168224299065,
    "46": 2.0954545454545452,
    "47": 1.1415929203539823,
    "48": 1.7606837606837606,
    "49": 1.7095435684647302,
    "50": 2.7620967741935485,
    "51": 2.109375,
    "52": 1.260377358490566,
    "53": 1.2327272727272727,
    "54": 1.8274647887323943,
    "55": 1.688135593220339,
    "56": 1.973856209150327,
    "57": 1.3260188087774294,
    "58": 1.102102102102102,
    "59": 1.2292263610315186,
    "60": 2.2958904109589042,
    "61": 1.198952879581152,
    "62": 2.1152882205513786,
    "63": 2.214797136038186,
    "64": 1.2818181818181817,
    "65": 1.1802575107296138,
    "66": 2.908536585365854,
    "67": 1.6011560693641618,
    "68": 1.6843065693430657,
    "69": 1.3680555555555556,
    "70": 1.8772802653399667,
    "71": 1.247634069400631,
    "72": 1.738345864661654,
    "73": 1.4165477888730384,
    "74": 1.9248322147651007,
    "75": 2.0816582914572863,
    "76": 1.5377358490566038,
    "77": 1.2160087719298245,
    "78": 1.1422722620266121,
    "79": 2.2098646034816247,
    "80": 1.9774977497749775,
    "81": 1.1554054054054055,
    "82": 1.5602218700475436,
    "83": 1.8371924746743848,
    "84": 2.2567656765676567,
    "85": 2.002994011976048,
    "86": 1.0961748633879782,
    "87": 1.697294538029607,
    "88": 1.8188787733588883,
    "89": 1.4611494252873563,
    "90": 1.8746713409290097,
    "91": 1.3819241982507289,
    "92": 1.3832951945080092,
    "93": 1.1963921034717495,
    "94": 1.3684525591140377,
    "95": 1.7723297111052214,
    "96": 1.9425506555423122,
    "97": 1.5748903279715898,
    "98": 1.461159737417943,
    "99": 1.7091417296941795,
    "average": 1.7029024161655615
}