{
    "0": 2.2444444444444445,
    "1": 1.9183333333333332,
    "average": 2.0813888888888887
}